<?xml version="1.0" encoding="utf-8"?>
<!DOCTYPE TEI SYSTEM "tei_all.dtd">
<TEI xmlns="http://www.tei-c.org/ns/1.0">
  <teiHeader>
    <fileDesc>
      <titleStmt>
        <title>
          <title type="main">410. mál: tímabundin ráðning starfsmanna</title>
          <title type="sub">1. umræða</title>
        </title>
        <respStmt>
          <resp xml:lang="is">Söfnun og úrvinnsla texta</resp>
          <resp xml:lang="en">Collection and processing of text</resp>
          <name xml:lang="is">Stofnun Árna Magnússonar í íslenskum fræðum</name>
          <name xml:lang="en">The Arni Magnusson Institute for Icelandic Studies</name>
        </respStmt>
      </titleStmt>
      <editionStmt>
        <p xml:lang="is">Mörkuð íslensk málheild</p>
        <p xml:lang="en">Tagged Icelandic Corpus</p>
      </editionStmt>
      <publicationStmt>
        <distributor xml:lang="is">Stofnun Árna Magnússonar í íslenskum fræðum</distributor>
        <distributor xml:lang="en">The Arni Magnusson Institute for Icelandic Studies</distributor>
        <address>
          <addrLine xml:lang="is">Neshaga 16, 107 Reykjavík, Íslandi</addrLine>
          <addrLine xml:lang="is">Sími: +354 525 4430</addrLine>
          <addrLine xml:lang="en">Neshaga 16, 107 Reykjavik, Iceland</addrLine>
          <addrLine xml:lang="en">Tel.: +354 525 4430</addrLine>
          <addrLine>
            <email>arnastofnun@hi.is</email>
          </addrLine>
        </address>
        <idno type="mim">F0BA</idno>
        <availability>
          <p xml:lang="is">Þessi texti er til notkunar í málrannsóknum og máltækniverkefnum um allan heim með sérstöku leyfi, sjá mimHdr.xml</p>
          <p xml:lang="en">This text is available for use in language research and language technology projects world wide with a special license, see mimHdr.xml</p>
        </availability>
        <date>2013-02-25</date>
      </publicationStmt>
      <sourceDesc>
        <biblStruct>
          <monogr>
            <author>Árni Magnússon</author>
            <title>
              <title type="main">410. mál: tímabundin ráðning starfsmanna</title>
              <title type="sub">1. umræða</title>
            </title>
            <idno type="URL">http://www.althingi.is/altext/130/12/r05150235.sgml</idno>
            <imprint>
              <date>05.12.2003</date>
              <time from="15:02:35" to="15:05"/>
            </imprint>
          </monogr>
        </biblStruct>
      </sourceDesc>
    </fileDesc>
    <encodingDesc>
      <projectDesc>
        <p>Sjá lýsingu á verkefninu í mimHdr.xml.</p>
        <p>See description of project in mimHdr.xml.</p>
      </projectDesc>
      <tagsDecl>
        <namespace name="http://www.tei-c.org/ns/1.0">
          <tagUsage gi="text" occurs="1"/>
          <tagUsage gi="body" occurs="1"/>
          <tagUsage gi="div1" occurs="1"/>
          <tagUsage gi="p" occurs="1"/>
          <tagUsage gi="s" occurs="8"/>
          <tagUsage gi="w" occurs="533"/>
          <tagUsage gi="c" occurs="31"/>
        </namespace>
      </tagsDecl>
    </encodingDesc>
  </teiHeader>
  <text>
    <body>
      <div1>
        <p>
          <s n="1">
            <w lemma="hæstv" type="nken-s">Hæstv</w>
            <c type="punctuation">.</c>
            <w lemma="forseti" type="nken">forseti</w>
            <c type="punctuation">.</c>
            <w lemma="ég" type="fp1en">Ég</w>
            <w lemma="taka" type="sfg1en">tek</w>
            <w lemma="upp" type="aa">upp</w>
            <w lemma="þráður" type="nkeog">þráðinn</w>
            <w lemma="þar" type="aa">þar</w>
            <w lemma="sem" type="c">sem</w>
            <w lemma="frá" type="aa">frá</w>
            <w lemma="vera" type="sfg3eþ">var</w>
            <w lemma="hverfa" type="sþghen">horfið</w>
            <w lemma="í" type="ao">í</w>
            <w lemma="morgunn" type="nkeo">morgun</w>
            <w lemma="í" type="aþ">í</w>
            <w lemma="umfjöllun" type="nveþ">umfjöllun</w>
            <w lemma="um" type="aa">um</w>
            <w lemma="framvegis" type="aa">frv.</w>
            <w lemma="til" type="ae">til</w>
            <w lemma="lag" type="nhfe">laga</w>
            <w lemma="um" type="ao">um</w>
            <w lemma="tímabundinn" type="lvfosf">tímabundnar</w>
            <w lemma="ráðning" type="nvee">ráðningar</w>
            <w lemma="starfsmaður" type="nkfe">starfsmanna</w>
            <c type="punctuation">.</c>
          </s>
          <s n="2">
            <w lemma="í" type="aþ">Í</w>
            <w lemma="sá" type="faheþ">því</w>
            <w lemma="skyn" type="nheþ">skyni</w>
            <w lemma="að" type="cn">að</w>
            <w lemma="koma" type="sng">koma</w>
            <w lemma="í" type="ao">í</w>
            <w lemma="vegur" type="nkeo">veg</w>
            <w lemma="fyrir" type="ao">fyrir</w>
            <w lemma="að" type="c">að</w>
            <w lemma="tímabundinn" type="lvfnsf">tímabundnar</w>
            <w lemma="ráðning" type="nvee">ráðningar</w>
            <w lemma="verða" type="svg3en">verði</w>
            <w lemma="misnota" type="sþgvfn">misnotaðar</w>
            <w lemma="þannig" type="aa">þannig</w>
            <w lemma="að" type="c">að</w>
            <w lemma="hver" type="foken">hver</w>
            <w lemma="tímabundinn" type="lkensf">tímabundinn</w>
            <w lemma="ráðningarsamningur" type="nken">ráðningarsamningur</w>
            <w lemma="tak" type="nheþ">taki</w>
            <w lemma="við" type="aa">við</w>
            <w lemma="af" type="aþ">af</w>
            <w lemma="annar" type="fokfþ">öðrum</w>
            <w lemma="vera" type="sfg3en">er</w>
            <w lemma="mæla" type="sþghen">mælt</w>
            <w lemma="fyrir" type="aa">fyrir</w>
            <w lemma="um" type="ao">um</w>
            <w lemma="þrennur" type="lkeesf">þrenns</w>
            <w lemma="konar" type="nkee">konar</w>
            <w lemma="leiða" type="sfg3en">leiðir</w>
            <w lemma="sem" type="ct">sem</w>
            <w lemma="stjórnvald" type="nhfn">stjórnvöld</w>
            <w lemma="geta" type="sfg3fn">geta</w>
            <w lemma="velja" type="ssg">valið</w>
            <w lemma="um" type="aa">um</w>
            <w lemma="í" type="aþ">í</w>
            <w lemma="samráð" type="nheþ">samráði</w>
            <w lemma="við" type="ao">við</w>
            <w lemma="aðili" type="nkfo">aðila</w>
            <w lemma="vinnumarkaður" type="nkeeg">vinnumarkaðarins</w>
            <c type="punctuation">.</c>
            <w lemma="samtök" type="nhfn">Samtök</w>
            <w lemma="aðili" type="nkfe">aðila</w>
            <w lemma="vinnumarkaður" type="nkeeg">vinnumarkaðarins</w>
            <w lemma="geta" type="sfg3fþ">gátu</w>
            <w lemma="ekki" type="aa">ekki</w>
            <w lemma="koma" type="ssg">komið</w>
            <w lemma="sig" type="fpkfþ">sér</w>
            <w lemma="saman" type="aa">saman</w>
            <w lemma="um" type="ao">um</w>
            <w lemma="útfærsla" type="nveo">útfærslu</w>
            <w lemma="á" type="aþ">á</w>
            <w lemma="þessi" type="faheþ">þessu</w>
            <w lemma="ákvæði" type="nhfo">ákvæði</w>
            <w lemma="og" type="c">og</w>
            <w lemma="vera" type="sfg3en">er</w>
            <w lemma="því" type="aa">því</w>
            <w lemma="leggja" type="sþghen">lagt</w>
            <w lemma="til" type="ae">til</w>
            <w lemma="að" type="c">að</w>
            <w lemma="taka" type="sþgven">tekin</w>
            <w lemma="verða" type="svg3en">verði</w>
            <w lemma="upp" type="aa">upp</w>
            <w lemma="regla" type="nven">regla</w>
            <w lemma="gildandi" type="lhfeof">gildandi</w>
            <w lemma="starfsmannalag" type="nhfe">starfsmannalaga</w>
            <w lemma="um" type="ao">um</w>
            <w lemma="takmörkun" type="nvfo">takmarkanir</w>
            <w lemma="á" type="aþ">á</w>
            <w lemma="tímabundinn" type="lkfþsf">tímabundnum</w>
            <w lemma="ráðningarsamningur" type="nkfþ">ráðningarsamningum</w>
            <c type="punctuation">.</c>
            <w lemma="vera" type="sfg3en">Er</w>
            <w lemma="það" type="fpheþ">því</w>
            <w lemma="gera" type="sþghen">gert</w>
            <w lemma="ráð" type="nhen">ráð</w>
            <w lemma="fyrir" type="ao">fyrir</w>
            <w lemma="að" type="c">að</w>
            <w lemma="tímabundinn" type="lkensf">tímabundinn</w>
            <w lemma="ráðningarsamningur" type="nken">ráðningarsamningur</w>
            <w lemma="vari" type="nken">vari</w>
            <w lemma="ekki" type="aa">ekki</w>
            <w lemma="samfellt" type="aa">samfellt</w>
            <w lemma="lengi" type="aam">lengur</w>
            <w lemma="en" type="c">en</w>
            <w lemma="tveir" type="tfhfo">tvö</w>
            <w lemma="ár" type="nhfo">ár</w>
            <w lemma="að" type="aþ">að</w>
            <w lemma="það" type="fpheþ">því</w>
            <w lemma="undanskilinn" type="lheþsf">undanskildu</w>
            <w lemma="að" type="c">að</w>
            <w lemma="annar" type="fohen">annað</w>
            <w lemma="vera" type="svg3en">sé</w>
            <w lemma="taka" type="sþghen">tekið</w>
            <w lemma="fram" type="aa">fram</w>
            <w lemma="í" type="aþ">í</w>
            <w lemma="lag" type="nhfþ">lögum</w>
            <c type="punctuation">.</c>
          </s>
          <s n="3">
            <w lemma="til" type="ae">Til</w>
            <w lemma="viðbót" type="nvee">viðbótar</w>
            <w lemma="vera" type="sfg3en">er</w>
            <w lemma="þó" type="aa">þó</w>
            <w lemma="leggja" type="sþghen">lagt</w>
            <w lemma="til" type="ae">til</w>
            <w lemma="að" type="c">að</w>
            <w lemma="heimill" type="lhensf">heimilt</w>
            <w lemma="verða" type="svg3en">verði</w>
            <w lemma="að" type="cn">að</w>
            <w lemma="endurnýja" type="sng">endurnýja</w>
            <w lemma="tímabundnur" type="lkfosf">tímabundna</w>
            <w lemma="ráðningarsamningur" type="nkfo">ráðningarsamninga</w>
            <w lemma="embættismaður" type="nkfe">embættismanna</w>
            <w lemma="og" type="c">og</w>
            <w lemma="stjórnandi" type="nkfe">stjórnenda</w>
            <w lemma="sem" type="ct">sem</w>
            <w lemma="gera" type="sþgkfn">gerðir</w>
            <w lemma="vera" type="sfg3fn">eru</w>
            <w lemma="til" type="ae">til</w>
            <w lemma="fjórir" type="tfhfe">fjögurra</w>
            <w lemma="ár" type="nhfe">ára</w>
            <w lemma="eða" type="c">eða</w>
            <w lemma="langur" type="lkeovm">lengri</w>
            <w lemma="tími" type="nkeþ">tíma</w>
            <w lemma="í" type="aþ">í</w>
            <w lemma="sá" type="fahfþ">þeim</w>
            <w lemma="tilvik" type="nhfþ">tilvikum</w>
            <w lemma="þegar" type="c">þegar</w>
            <w lemma="hann" type="fpkfn">þeir</w>
            <w lemma="vera" type="sfg3fn">eru</w>
            <w lemma="endurnýja" type="sþgkfn">endurnýjaðir</w>
            <w lemma="til" type="ae">til</w>
            <w lemma="jafnlangur" type="lkeesf">jafnlangs</w>
            <w lemma="tími" type="nkee">tíma</w>
            <c type="punctuation">.</c>
            <w lemma="þar" type="aa">Þar</w>
            <w lemma="vera" type="sfg3en">er</w>
            <w lemma="sérstaklega" type="aa">sérstaklega</w>
            <w lemma="vísa" type="sþghen">vísað</w>
            <w lemma="til" type="ae">til</w>
            <w lemma="starfsmannalag" type="nhfe">starfsmannalaga</w>
            <c type="punctuation">,</c>
            <w lemma="en" type="c">en</w>
            <w lemma="þar" type="aa">þar</w>
            <w lemma="vera" type="sfg3en">er</w>
            <w lemma="kveða" type="sþghen">kveðið</w>
            <w lemma="á" type="aa">á</w>
            <w lemma="um" type="ao">um</w>
            <w lemma="tímabundinn" type="lvfosf">tímabundnar</w>
            <w lemma="ráðning" type="nvee">ráðningar</w>
            <w lemma="embættismaður" type="nkfe">embættismanna</w>
            <w lemma="til" type="ae">til</w>
            <w lemma="fimm" type="tfhfe">fimm</w>
            <w lemma="ár" type="nhfe">ára</w>
            <w lemma="í" type="aa">í</w>
            <w lemma="senn" type="aa">senn</w>
            <c type="punctuation">.</c>
            <w lemma="eins" type="nken-s">Eins</w>
            <w lemma="og" type="c">og</w>
            <w lemma="vel" type="aa">vel</w>
            <w lemma="vera" type="sfg3en">er</w>
            <w lemma="þekkja" type="sþghen">þekkt</w>
            <w lemma="þá" type="aa">þá</w>
            <w lemma="vera" type="sfg3en">er</w>
            <w lemma="algengur" type="lhensf">algengt</w>
            <w lemma="að" type="c">að</w>
            <w lemma="slíkur" type="fbkfn">slíkir</w>
            <w lemma="ráðningarsamningur" type="nkfn">ráðningarsamningar</w>
            <w lemma="vera" type="svg3fn">séu</w>
            <w lemma="endurnýjaður" type="lkfnsf">endurnýjaðir</w>
            <w lemma="til" type="ae">til</w>
            <w lemma="jafnlangur" type="lkeesf">jafnlangs</w>
            <w lemma="tími" type="nkee">tíma</w>
            <c type="punctuation">.</c>
            <w lemma="samur" type="fbhen">Sama</w>
            <w lemma="fyrirkomulag" type="nhen">fyrirkomulag</w>
            <w lemma="viðganga" type="sfm3en">viðgengst</w>
            <w lemma="enn" type="aa">enn</w>
            <w lemma="fremur" type="aam">fremur</w>
            <w lemma="hjá" type="aþ">hjá</w>
            <w lemma="einstakur" type="lhfþsf">einstökum</w>
            <w lemma="sveitarfélag" type="nhfþ">sveitarfélögum</w>
            <w lemma="að" type="aþ">að</w>
            <w lemma="það" type="fpheþ">því</w>
            <w lemma="er" type="ct">er</w>
            <w lemma="varða" type="sfg3en">varðar</w>
            <w lemma="stjórnendur" type="nken">stjórnendur</w>
            <w lemma="það" type="fphfe">þeirra</w>
            <c type="punctuation">.</c>
          </s>
          <s n="4">
            <w lemma="lögð" type="nken-s">Lögð</w>
            <w lemma="vera" type="sfg3en">er</w>
            <w lemma="ríkur" type="lvensf">rík</w>
            <w lemma="áhersla" type="nven">áhersla</w>
            <w lemma="á" type="ao">á</w>
            <w lemma="að" type="c">að</w>
            <w lemma="samtök" type="nhfn">samtök</w>
            <w lemma="aðili" type="nkfe">aðila</w>
            <w lemma="vinnumarkaður" type="nkeeg">vinnumarkaðarins</w>
            <w lemma="hafa" type="svg3fn">hafi</w>
            <w lemma="heimild" type="nveo">heimild</w>
            <w lemma="til" type="ae">til</w>
            <w lemma="að" type="cn">að</w>
            <w lemma="semja" type="sng">semja</w>
            <w lemma="um" type="ao">um</w>
            <w lemma="annar" type="foveo">aðra</w>
            <w lemma="skipan" type="nveo">skipan</w>
            <w lemma="en" type="c">en</w>
            <w lemma="sá" type="fakfo">þá</w>
            <w lemma="sem" type="ct">sem</w>
            <w lemma="mæla" type="sþghen">mælt</w>
            <w lemma="vera" type="sfg3en">er</w>
            <w lemma="fyrir" type="aa">fyrir</w>
            <w lemma="um" type="aa">um</w>
            <w lemma="í" type="aþ">í</w>
            <w lemma="framvegis" type="aa">frv.</w>
            <w lemma="þessi" type="faheþ">þessu</w>
            <c type="punctuation">.</c>
            <w lemma="ákvæði" type="nhfn">Ákvæði</w>
            <w lemma="slíkur" type="fbkfe">slíkra</w>
            <w lemma="kjarasamningur" type="nkfe">kjarasamninga</w>
            <w lemma="verða" type="sfg3fn">verða</w>
            <w lemma="þó" type="aa">þó</w>
            <w lemma="að" type="cn">að</w>
            <w lemma="rúma" type="snm">rúmast</w>
            <w lemma="innan" type="ae">innan</w>
            <w lemma="rammasamningur" type="nkee">rammasamnings</w>
            <w lemma="sá" type="fahee">þess</w>
            <w lemma="sem" type="ct">sem</w>
            <w lemma="hér" type="aa">hér</w>
            <w lemma="um" type="ao">um</w>
            <w lemma="ræða" type="sfg3en">ræðir</w>
            <c type="punctuation">.</c>
          </s>
          <s n="5">
            <w lemma="virðulegur" type="lkenvf">Virðulegi</w>
            <w lemma="forseti" type="nken">forseti</w>
            <c type="punctuation">.</c>
            <w lemma="rammasamningur" type="nkengs">Rammasamningurinn</w>
            <w lemma="leggja" type="sfg3en">leggur</w>
            <w lemma="sá" type="favfo">þær</w>
            <w lemma="skylda" type="nvfo">skyldur</w>
            <w lemma="á" type="aþ">á</w>
            <w lemma="vinnuveitandi" type="nkfn">vinnuveitendur</w>
            <w lemma="að" type="cn">að</w>
            <w lemma="upplýsa" type="sng">upplýsa</w>
            <w lemma="sá" type="fakfo">þá</w>
            <w lemma="starfsmaður" type="nkfo">starfsmenn</w>
            <w lemma="sinn" type="fekfo">sína</w>
            <w lemma="sem" type="ct">sem</w>
            <w lemma="ráða" type="sþgkfn">ráðnir</w>
            <w lemma="vera" type="sfg3fn">eru</w>
            <w lemma="tímabundinn" type="lhensf">tímabundið</w>
            <w lemma="um" type="ao">um</w>
            <w lemma="laus" type="lvfosf">lausar</w>
            <w lemma="staða" type="nvfo">stöður</w>
            <w lemma="innan" type="ae">innan</w>
            <w lemma="fyrirtæki" type="nheeg">fyrirtækisins</w>
            <c type="punctuation">.</c>
          </s>
          <s n="6">
            <w lemma="erfiður" type="lhensf">Erfitt</w>
            <w lemma="vera" type="sfg3en">er</w>
            <w lemma="að" type="cn">að</w>
            <w lemma="meta" type="sng">meta</w>
            <w lemma="áhrif" type="nhfo">áhrif</w>
            <w lemma="frumvarp" type="nhee">frumvarps</w>
            <w lemma="þessi" type="faveo">þessa</w>
            <w lemma="á" type="ao">á</w>
            <w lemma="íslenskur" type="lkeosf">íslenskan</w>
            <w lemma="vinnumarkaður" type="nkeo">vinnumarkað</w>
            <c type="punctuation">.</c>
            <w lemma="það" type="fphen">Það</w>
            <w lemma="liggja" type="sfg3en">liggur</w>
            <w lemma="fyrir" type="ao">fyrir</w>
            <w lemma="að" type="c">að</w>
            <w lemma="fár" type="lvfnsf">fáar</w>
            <w lemma="regla" type="nvfn">reglur</w>
            <w lemma="hafa" type="sng">hafa</w>
            <w lemma="gilda" type="ssg">gilt</w>
            <w lemma="um" type="ao">um</w>
            <w lemma="tímabundnur" type="lkfosf">tímabundna</w>
            <w lemma="ráðningarsamningur" type="nkfo">ráðningarsamninga</w>
            <w lemma="hér" type="aa">hér</w>
            <w lemma="á" type="aþ">á</w>
            <w lemma="land" type="nheþ">landi</w>
            <w lemma="og" type="c">og</w>
            <w lemma="þá" type="aa">þá</w>
            <w lemma="aðallega" type="aa">aðallega</w>
            <w lemma="á" type="aþ">á</w>
            <w lemma="hinn" type="gkeþ">hinum</w>
            <w lemma="opinber" type="lkeþvf">opinbera</w>
            <w lemma="vinnumarkaður" type="nkeþ">vinnumarkaði</w>
            <c type="punctuation">.</c>
            <w lemma="þá" type="aa">Þá</w>
            <w lemma="virða" type="sfm3en">virðist</w>
            <w lemma="sem" type="c">sem</w>
            <w lemma="ágreiningur" type="nken">ágreiningur</w>
            <w lemma="um" type="ao">um</w>
            <w lemma="ætlaður" type="lveosf">ætlaða</w>
            <w lemma="misnotkun" type="nveo">misnotkun</w>
            <w lemma="á" type="aþ">á</w>
            <w lemma="tímabundinn" type="lhfþsf">tímabundnum</w>
            <w lemma="ráðningarsamningur" type="nkfþ">ráðningarsamningum</w>
            <w lemma="hafa" type="svg3en">hafi</w>
            <w lemma="ekki" type="aa">ekki</w>
            <w lemma="oft" type="aa">oft</w>
            <w lemma="koma" type="ssg">komið</w>
            <w lemma="til" type="ae">til</w>
            <w lemma="kast" type="nhfe">kasta</w>
            <w lemma="íslenskur" type="lkfesf">íslenskra</w>
            <w lemma="dómstóll" type="nkfe">dómstóla</w>
            <c type="punctuation">.</c>
            <w lemma="að" type="aþ">Að</w>
            <w lemma="teknur" type="lheþsf">teknu</w>
            <w lemma="tillit" type="nheþ">tilliti</w>
            <w lemma="til" type="ae">til</w>
            <w lemma="það" type="fphee">þess</w>
            <w lemma="og" type="c">og</w>
            <w lemma="það" type="fphee">þess</w>
            <w lemma="að" type="c">að</w>
            <w lemma="fyrir" type="aa">fyrir</w>
            <w lemma="liggja" type="sfg3en">liggur</w>
            <w lemma="að" type="aþ">að</w>
            <w lemma="samtök" type="nhfþ">samtökum</w>
            <w lemma="aðili" type="nkfe">aðila</w>
            <w lemma="vinnumarkaður" type="nkeeg">vinnumarkaðarins</w>
            <w lemma="taka" type="sfm3eþ">tókst</w>
            <w lemma="ekki" type="aa">ekki</w>
            <w lemma="að" type="cn">að</w>
            <w lemma="semja" type="sng">semja</w>
            <w lemma="um" type="ao">um</w>
            <w lemma="útfærsla" type="nveo">útfærslu</w>
            <w lemma="á" type="aþ">á</w>
            <w lemma="efni" type="nheþ">efni</w>
            <w lemma="rammasamningur" type="nkeeg">rammasamningsins</w>
            <w lemma="þykja" type="sfg3eþ">þótti</w>
            <w lemma="réttur" type="lhensf">rétt</w>
            <w lemma="að" type="cn">að</w>
            <w lemma="fara" type="sng">fara</w>
            <w lemma="varlega" type="aa">varlega</w>
            <w lemma="í" type="ao">í</w>
            <w lemma="að" type="cn">að</w>
            <w lemma="kveða" type="sng">kveða</w>
            <w lemma="á" type="aa">á</w>
            <w lemma="um" type="ao">um</w>
            <w lemma="frekur" type="lvfovm">frekari</w>
            <w lemma="takmörkun" type="nvfo">takmarkanir</w>
            <w lemma="á" type="ao">á</w>
            <w lemma="tímabundinn" type="lvfosf">tímabundnar</w>
            <w lemma="ráðning" type="nvee">ráðningar</w>
            <w lemma="en" type="c">en</w>
            <w lemma="sá" type="favfn">þær</w>
            <w lemma="sem" type="ct">sem</w>
            <w lemma="gilda" type="ssg">gilt</w>
            <w lemma="hafa" type="sfg3fn">hafa</w>
            <w lemma="á" type="aþ">á</w>
            <w lemma="hinn" type="fahfþ">hinum</w>
            <w lemma="opinber" type="lkeþvf">opinbera</w>
            <w lemma="vinnumarkaður" type="nkeþ">vinnumarkaði</w>
            <c type="punctuation">.</c>
            <w lemma="þar" type="aa">Þar</w>
            <w lemma="taka" type="snm">takast</w>
            <w lemma="m.a." type="as">m.a.</w>
            <w lemma="á" type="ao">á</w>
            <w lemma="sjónarmið" type="nheo">sjónarmið</w>
            <w lemma="um" type="ao">um</w>
            <w lemma="verndun" type="nveo">verndun</w>
            <w lemma="sá" type="fakee">þess</w>
            <w lemma="sveigjanleiki" type="nkee">sveigjanleika</w>
            <w lemma="sem" type="ct">sem</w>
            <w lemma="telja" type="sþgken">talinn</w>
            <w lemma="vera" type="sfg3en">er</w>
            <w lemma="einkenni" type="nhfe">einkenna</w>
            <w lemma="íslenskur" type="lkeosf">íslenskan</w>
            <w lemma="vinnumarkaður" type="nkeo">vinnumarkað</w>
            <w lemma="og" type="c">og</w>
            <w lemma="sjónarmið" type="nhfn">sjónarmið</w>
            <w lemma="um" type="ao">um</w>
            <w lemma="aukinn" type="lveosf">aukna</w>
            <w lemma="vernd" type="nveo">vernd</w>
            <w lemma="launafólk" type="nhee">launafólks</w>
            <c type="punctuation">.</c>
            <w lemma="þá" type="aa">Þá</w>
            <w lemma="koma" type="sfg3fn">koma</w>
            <w lemma="einnig" type="aa">einnig</w>
            <w lemma="til" type="ae">til</w>
            <w lemma="skjal" type="nhfeg">skjalanna</w>
            <w lemma="vangaveltur" type="nvfn">vangaveltur</w>
            <w lemma="um" type="ao">um</w>
            <w lemma="hversu" type="aa">hversu</w>
            <w lemma="stór" type="lheosf">stórt</w>
            <w lemma="svigrúm" type="nheo">svigrúm</w>
            <w lemma="aðili" type="nkfn">aðilar</w>
            <w lemma="vinnumarkaður" type="nkeeg">vinnumarkaðarins</w>
            <w lemma="skulu" type="sfg3fn">skulu</w>
            <w lemma="hafa" type="sng">hafa</w>
            <w lemma="til" type="ae">til</w>
            <w lemma="að" type="cn">að</w>
            <w lemma="semja" type="sng">semja</w>
            <w lemma="um" type="ao">um</w>
            <w lemma="réttindi" type="nhfo">réttindi</w>
            <w lemma="og" type="c">og</w>
            <w lemma="skylda" type="nvfo">skyldur</w>
            <w lemma="á" type="aþ">á</w>
            <w lemma="vinnumarkaður" type="nkeþ">vinnumarkaði</w>
            <w lemma="við" type="ao">við</w>
            <w lemma="gerð" type="nveo">gerð</w>
            <w lemma="kjarasamningur" type="nkfe">kjarasamninga</w>
            <c type="punctuation">,</c>
            <w lemma="með" type="aþ">með</w>
            <w lemma="annar" type="fohfþ">öðrum</w>
            <w lemma="orð" type="nhfþ">orðum</w>
            <c type="punctuation">,</c>
            <w lemma="hvar" type="aa">hvar</w>
            <w lemma="eiga" type="svg3en">eigi</w>
            <w lemma="að" type="cn">að</w>
            <w lemma="draga" type="sng">draga</w>
            <w lemma="mark" type="nhfog">mörkin</w>
            <w lemma="milli" type="ae">milli</w>
            <w lemma="sá" type="fahee">þess</w>
            <w lemma="sem" type="ct">sem</w>
            <w lemma="ákveða" type="sng">ákveða</w>
            <w lemma="skulu" type="svg3en">skuli</w>
            <w lemma="með" type="aþ">með</w>
            <w lemma="lag" type="nhfþ">lögum</w>
            <w lemma="og" type="c">og</w>
            <w lemma="sá" type="fahee">þess</w>
            <w lemma="sem" type="ct">sem</w>
            <w lemma="ákveða" type="sng">ákveða</w>
            <w lemma="skulu" type="svg3en">skuli</w>
            <w lemma="með" type="aþ">með</w>
            <w lemma="kjarasamningur" type="nkfþ">kjarasamningum</w>
            <w lemma="á" type="aþ">á</w>
            <w lemma="innlendur" type="lkeþsf">innlendum</w>
            <w lemma="vinnumarkaður" type="nkeþ">vinnumarkaði</w>
            <c type="punctuation">.</c>
            <w lemma="þykja" type="sfg3en">Þykir</w>
            <w lemma="eðlilegur" type="lhenvm">eðlilegra</w>
            <w lemma="að" type="c">að</w>
            <w lemma="kanna" type="sþghen">kannað</w>
            <w lemma="verða" type="svg3en">verði</w>
            <w lemma="í" type="aþ">í</w>
            <w lemma="samráð" type="nheþ">samráði</w>
            <w lemma="við" type="ao">við</w>
            <w lemma="samtök" type="nhfo">samtök</w>
            <w lemma="aðili" type="nkee">aðila</w>
            <w lemma="vinnumarkaður" type="nkeeg">vinnumarkaðarins</w>
            <w lemma="hvernig" type="aa">hvernig</w>
            <w lemma="tímabundinn" type="lhfþsf">tímabundnum</w>
            <w lemma="ráðningarsamningur" type="nkfþ">ráðningarsamningum</w>
            <w lemma="vera" type="sfg3en">er</w>
            <w lemma="raunverulega" type="aa">raunverulega</w>
            <w lemma="hátta" type="sþghen">háttað</w>
            <w lemma="á" type="aþ">á</w>
            <w lemma="íslenskur" type="lkeþsf">íslenskum</w>
            <w lemma="vinnumarkaður" type="nkeþ">vinnumarkaði</w>
            <w lemma="áður" type="aa">áður</w>
            <w lemma="en" type="c">en</w>
            <w lemma="frekur" type="lvfnvm">frekari</w>
            <w lemma="regla" type="nvfn">reglur</w>
            <w lemma="vera" type="sfg3fn">eru</w>
            <w lemma="setja" type="sþgvfn">settar</w>
            <c type="punctuation">.</c>
          </s>
          <s n="7">
            <w lemma="virðulegur" type="lkenvf">Virðulegi</w>
            <w lemma="forseti" type="nken">forseti</w>
            <c type="punctuation">.</c>
            <w lemma="ég" type="fp1en">Ég</w>
            <w lemma="munu" type="sfg1en">mun</w>
            <w lemma="beita" type="sng">beita</w>
            <w lemma="ég" type="fp1eþ">mér</w>
            <w lemma="fyrir" type="ao">fyrir</w>
            <w lemma="skipun" type="nveo">skipun</w>
            <w lemma="samstarfshópur" type="nkee">samstarfshóps</w>
            <w lemma="þar" type="aa">þar</w>
            <w lemma="sem" type="c">sem</w>
            <w lemma="fara" type="sþghen">farið</w>
            <w lemma="verða" type="sfg3en">verður</w>
            <w lemma="yfir" type="ao">yfir</w>
            <w lemma="mál" type="nhfog">málin</w>
            <w lemma="á" type="aþ">á</w>
            <w lemma="nærri" type="lhfþve">næstu</w>
            <w lemma="þrír" type="tfhfþ">þremur</w>
            <w lemma="ár" type="nhfþ">árum</w>
            <w lemma="í" type="aþ">í</w>
            <w lemma="samvinna" type="nveþ">samvinnu</w>
            <w lemma="við" type="ao">við</w>
            <w lemma="vinnumálastofnun" type="nveo-s">Vinnumálastofnun</w>
            <c type="punctuation">.</c>
            <w lemma="gera" type="sþghen">Gert</w>
            <w lemma="vera" type="sfg3en">er</w>
            <w lemma="ráð" type="nhen">ráð</w>
            <w lemma="fyrir" type="aþ">fyrir</w>
            <w lemma="að" type="c">að</w>
            <w lemma="sá" type="faken">sá</w>
            <w lemma="samstarfshópur" type="nken">samstarfshópur</w>
            <w lemma="leggja" type="svg3en">leggi</w>
            <w lemma="fram" type="aa">fram</w>
            <w lemma="skýrsla" type="nveo">skýrslu</w>
            <w lemma="þar" type="aa">þar</w>
            <w lemma="sem" type="c">sem</w>
            <w lemma="afstaða" type="nven">afstaða</w>
            <w lemma="verða" type="svg3en">verði</w>
            <w lemma="taka" type="sþgven">tekin</w>
            <w lemma="til" type="aa">til</w>
            <w lemma="hvort" type="c">hvort</w>
            <w lemma="nauðsyn" type="nven">nauðsyn</w>
            <w lemma="þykja" type="svg3en">þyki</w>
            <w lemma="að" type="cn">að</w>
            <w lemma="hafa" type="sng">hafa</w>
            <w lemma="strangur" type="lvfovm">strangari</w>
            <w lemma="takmörkun" type="nvfn">takmarkanir</w>
            <w lemma="í" type="aþ">í</w>
            <w lemma="lag" type="nhfþ">lögum</w>
            <w lemma="en" type="c">en</w>
            <w lemma="sá" type="favfn">þær</w>
            <w lemma="sem" type="ct">sem</w>
            <w lemma="hér" type="aa">hér</w>
            <w lemma="vera" type="sfg3fn">eru</w>
            <w lemma="leggja" type="sþgvfn">lagðar</w>
            <w lemma="til" type="aa">til</w>
            <c type="punctuation">.</c>
          </s>
          <s n="8">
            <w lemma="hæstv" type="nken-s">Hæstv</w>
            <c type="punctuation">.</c>
            <w lemma="forseti" type="nken">forseti</w>
            <c type="punctuation">.</c>
            <w lemma="að" type="aþ">Að</w>
            <w lemma="lokinn" type="lveþsf">lokinni</w>
            <w lemma="1." type="ta">1.</w>
            <w lemma="umr." type="sbg2en">umr.</w>
            <w lemma="leggja" type="sfg1en">legg</w>
            <w lemma="ég" type="fp1en">ég</w>
            <w lemma="til" type="ae">til</w>
            <w lemma="að" type="c">að</w>
            <w lemma="framvegis" type="aa">frv.</w>
            <w lemma="verða" type="svg3en">verði</w>
            <w lemma="vísa" type="sþghen">vísað</w>
            <w lemma="til" type="aa">til</w>
            <w lemma="hv" type="nhen">hv</w>
            <c type="punctuation">.</c>
            <w lemma="félmn" type="nkeog">félmn</w>
            <c type="punctuation">.</c>
            <w lemma="og" type="c">og</w>
            <w lemma="2." type="ta">2.</w>
            <w lemma="umr." type="sbg2en">umr.</w>
          </s>
        </p>
      </div1>
    </body>
  </text>
</TEI>
